id,first_name,last_name,age,email,gender
1,Carlina,Frankton,35,cfrankton0@cisco.com,Female
2,Niccolo,Stendall,59,nstendall1@amazon.de,Male
3,Jacquelin,Deeves,60,jdeeves2@flavors.me,Female
4,Tony,Raikes,62,traikes3@nymag.com,Female
5,Lilia,Klarzynski,39,lklarzynski4@cargocollective.com,Polygender
6,Carolyn,Bilton,30,cbilton5@ucoz.com,Female
7,Jessee,Sygrove,72,jsygrove6@dot.gov,Male
8,Ekaterina,Fortman,74,efortman7@go.com,Female
9,Torre,Steadman,85,tsteadman8@google.nl,Male
10,Ariel,Vidgen,84,avidgen9@mtv.com,Male
11,Florri,Shyram,50,fshyrama@columbia.edu,Female
12,Collen,Barthelme,82,cbarthelmeb@chron.com,Female
13,Moses,L'Archer,20,mlarcherc@japanpost.jp,Male
14,Rory,MacCaghan,60,rmaccaghand@state.tx.us,Male
15,Shalne,McGorley,66,smcgorleye@thetimes.co.uk,Female
16,Alwyn,Bimson,77,abimsonf@technorati.com,Male
17,Dennison,Laxston,35,dlaxstong@twitpic.com,Male
18,Rosetta,Mount,43,rmounth@foxnews.com,Female
19,Hilliary,Ivanonko,25,hivanonkoi@google.com.hk,Female
20,Alric,Huskinson,31,ahuskinsonj@latimes.com,Male
21,Kris,Ropars,82,kroparsk@pbs.org,Female
22,York,Disbrey,46,ydisbreyl@techcrunch.com,Male
23,Mickie,Maulin,70,mmaulinm@un.org,Non-binary
24,Corny,Takis,20,ctakisn@aol.com,Genderfluid
25,Dosi,Rogan,56,drogano@nyu.edu,Female
26,Hally,Whorall,37,hwhorallp@toplist.cz,Female
27,Jinny,Vedikhov,21,jvedikhovq@sciencedirect.com,Female
28,Orrin,Elwood,64,oelwoodr@ezinearticles.com,Male
29,Loleta,Ansley,29,lansleys@youtu.be,Genderqueer
30,Farr,Bentote,18,fbentotet@free.fr,Male
31,Hamilton,Loxdale,19,hloxdaleu@google.es,Male
32,Theodor,Gontier,32,tgontierv@comcast.net,Male
33,Meaghan,Lammerding,49,mlammerdingw@umn.edu,Female
34,Jason,Moro,52,jmorox@chronoengine.com,Male
35,Adair,Screen,18,ascreeny@chicagotribune.com,Male
36,Patty,Chalcraft,18,pchalcraftz@wikimedia.org,Female
37,Dunc,Holsey,20,dholsey10@blogs.com,Male
38,Lyn,Causey,39,lcausey11@hp.com,Male
39,Lynette,Shillaker,31,lshillaker12@census.gov,Female
40,Zack,Jedrzaszkiewicz,57,zjedrzaszkiewicz13@hatena.ne.jp,Male
41,Marena,Olek,55,molek14@list-manage.com,Female
42,Larissa,Shirrell,66,lshirrell15@yelp.com,Genderqueer
43,Genna,Harling,39,gharling16@wordpress.org,Female
44,Jeffry,Halligan,43,jhalligan17@themeforest.net,Genderfluid
45,Fionnula,Mulberry,23,fmulberry18@vinaora.com,Female
46,Rainer,Sander,19,rsander19@ebay.com,Genderfluid
47,Delmor,Goldney,26,dgoldney1a@columbia.edu,Male
48,Merwin,Newham,46,mnewham1b@vistaprint.com,Bigender
49,Jerrylee,Shuttleworth,35,jshuttleworth1c@indiegogo.com,Female
50,Hillery,Billison,53,hbillison1d@ycombinator.com,Male
51,Viola,Bourgour,74,vbourgour1e@mac.com,Female
52,Micky,Bompas,44,mbompas1f@pcworld.com,Agender
53,Mommy,Easom,83,measom1g@washington.edu,Female
54,Orion,Farrand,28,ofarrand1h@wikispaces.com,Non-binary
55,Alyda,Conaghan,78,aconaghan1i@chronoengine.com,Female
56,Aveline,Quakley,15,aquakley1j@qq.com,Genderfluid
57,Kirbee,Skain,64,kskain1k@biglobe.ne.jp,Female
58,Regen,Matyashev,75,rmatyashev1l@skyrock.com,Male
59,Dianemarie,Gaize,23,dgaize1m@netlog.com,Female
60,Allison,Blything,67,ablything1n@nps.gov,Female
61,Brand,Oriel,52,boriel1o@mediafire.com,Male
62,Portia,Landrieu,69,plandrieu1p@omniture.com,Female
63,Judy,Northleigh,52,jnorthleigh1q@myspace.com,Female
64,Jerrilyn,Gutch,34,jgutch1r@paypal.com,Female
65,Patrizio,Chiommienti,51,pchiommienti1s@netvibes.com,Male
66,Avram,Sloane,42,asloane1t@cbc.ca,Male
67,Melvin,Faircliffe,84,mfaircliffe1u@huffingtonpost.com,Male
68,Aprilette,Garford,51,agarford1v@pagesperso-orange.fr,Female
69,Jeffry,Ormond,51,jormond1w@tripadvisor.com,Male
70,Rodger,Ness,66,rness1x@illinois.edu,Male
71,Nancey,Tinto,82,ntinto1y@rambler.ru,Female
72,Scarface,Stegers,63,sstegers1z@ted.com,Male
73,Sayres,Lorenz,47,slorenz20@1und1.de,Male
74,Mikkel,Shilliday,82,mshilliday21@economist.com,Male
75,Fabiano,Dunridge,66,fdunridge22@wufoo.com,Male
76,Valma,Dradey,53,vdradey23@tiny.cc,Female
77,Cedric,Shaylor,54,cshaylor24@twitpic.com,Male
78,Bobbe,Ambrosoni,26,bambrosoni25@wikia.com,Female
79,Christin,Imison,75,cimison26@reuters.com,Female
80,Cornie,Paunsford,22,cpaunsford27@nationalgeographic.com,Non-binary
81,Shanna,Grealey,18,sgrealey28@cbc.ca,Female
82,Lindsey,Czajka,70,lczajka29@google.com.au,Male
83,Rebekkah,Osgorby,41,rosgorby2a@parallels.com,Female
84,Skell,Sheryn,31,ssheryn2b@hubpages.com,Male
85,Hart,Bestwick,84,hbestwick2c@yahoo.co.jp,Male
86,Beale,Wilkes,84,bwilkes2d@tmall.com,Male
87,Manuel,Rides,36,mrides2e@behance.net,Male
88,Carolan,Swalwell,45,cswalwell2f@icio.us,Female
89,Waverly,Sturton,45,wsturton2g@usnews.com,Male
90,Chevy,Robecon,39,crobecon2h@addtoany.com,Male
91,Georgy,Guyet,84,gguyet2i@surveymonkey.com,Male
92,Clevie,Pyburn,44,cpyburn2j@free.fr,Male
93,Blaire,Rate,20,brate2k@is.gd,Female
94,Catie,Ivanilov,21,civanilov2l@webnode.com,Female
95,Bevan,Ouchterlony,26,bouchterlony2m@facebook.com,Male
96,Duff,Dunderdale,74,ddunderdale2n@netlog.com,Male
97,Augustin,Ivamy,83,aivamy2o@craigslist.org,Male
98,Stanly,O'Lenechan,65,solenechan2p@hatena.ne.jp,Male
99,Celia,Canacott,61,ccanacott2q@indiatimes.com,Female
100,Alethea,Davsley,38,adavsley2r@cocolog-nifty.com,Female
101,Etheline,Merriott,46,emerriott2s@mozilla.org,Female
102,Dagmar,Forson,60,dforson2t@state.gov,Female
103,Katinka,Grisedale,24,kgrisedale2u@oakley.com,Female
104,Web,Ghione,19,wghione2v@fda.gov,Male
105,Orren,Knowlden,67,oknowlden2w@meetup.com,Male
106,Zorah,Wenham,31,zwenham2x@earthlink.net,Female
107,Krista,Smidmore,79,ksmidmore2y@seattletimes.com,Female
108,Elli,Edgar,22,eedgar2z@live.com,Genderfluid
109,Delmar,O'Hannigan,29,dohannigan30@vimeo.com,Male
110,Bennie,Gaveltone,61,bgaveltone31@liveinternet.ru,Male
111,Kriste,Gibbins,60,kgibbins32@cornell.edu,Female
112,Patrizia,Fer,46,pfer33@sourceforge.net,Female
113,Northrop,Boldra,51,nboldra34@xinhuanet.com,Male
114,Kathryn,Spenceley,47,kspenceley35@princeton.edu,Female
115,Linet,Northern,52,lnorthern36@psu.edu,Female
116,Kellen,Edgerley,46,kedgerley37@auda.org.au,Agender
117,Walden,Lademann,76,wlademann38@bloomberg.com,Agender
118,Debee,Crathorne,58,dcrathorne39@yolasite.com,Female
119,Thacher,Klicher,81,tklicher3a@cargocollective.com,Male
120,Ryon,Heaffey,51,rheaffey3b@opera.com,Male
121,Willey,Jerzak,29,wjerzak3c@technorati.com,Male
122,Berthe,Fowles,56,bfowles3d@toplist.cz,Female
123,Neville,Ravel,78,nravel3e@ft.com,Male
124,Griff,Bendig,15,gbendig3f@columbia.edu,Male
125,Caterina,Boulsher,80,cboulsher3g@360.cn,Female
126,My,Huckel,29,mhuckel3h@dropbox.com,Male
127,Giffard,Bruniges,61,gbruniges3i@webeden.co.uk,Male
128,Candide,Dyne,53,cdyne3j@quantcast.com,Non-binary
129,Jarib,Heibel,37,jheibel3k@weebly.com,Male
130,Lydon,Dartnall,72,ldartnall3l@yelp.com,Male
131,Brien,Wailes,36,bwailes3m@unblog.fr,Bigender
132,Annalise,Cadle,17,acadle3n@cbslocal.com,Female
133,Ambrosio,Redholes,23,aredholes3o@networkadvertising.org,Male
134,Tomasine,Johannes,47,tjohannes3p@hexun.com,Female
135,Colman,Troucher,50,ctroucher3q@diigo.com,Male
136,Kerr,Posse,34,kposse3r@imgur.com,Male
137,Boony,Laurant,79,blaurant3s@soundcloud.com,Male
138,Heidi,Daber,83,hdaber3t@t.co,Genderfluid
139,Hayward,MacKimm,14,hmackimm3u@123-reg.co.uk,Male
140,Ramon,Bensen,37,rbensen3v@irs.gov,Male
141,Frankie,Greenset,59,fgreenset3w@prnewswire.com,Male
142,Skipper,Segot,71,ssegot3x@washingtonpost.com,Polygender
143,Caryl,Mordecai,58,cmordecai3y@nbcnews.com,Female
144,Alix,Gascoyen,34,agascoyen3z@harvard.edu,Female
145,Keven,Gallon,47,kgallon40@jimdo.com,Male
146,Alanna,Blanque,34,ablanque41@gmpg.org,Female
147,Lucho,Phippin,50,lphippin42@squidoo.com,Male
148,Randal,Bage,19,rbage43@webeden.co.uk,Male
149,Zachery,Rau,49,zrau44@google.cn,Male
150,Trudey,Zamudio,49,tzamudio45@indiegogo.com,Female
151,Garek,Nussen,80,gnussen46@desdev.cn,Male
152,Melva,Bateup,81,mbateup47@cisco.com,Female
153,Delphinia,Maleby,31,dmaleby48@mediafire.com,Agender
154,Yolanthe,Curton,33,ycurton49@merriam-webster.com,Bigender
155,Corey,Boyford,19,cboyford4a@liveinternet.ru,Male
156,Gwenneth,Francey,58,gfrancey4b@comsenz.com,Female
157,Opal,Carrabot,22,ocarrabot4c@utexas.edu,Female
158,Stefano,Marney,63,smarney4d@imgur.com,Male
159,Bryant,Skerratt,76,bskerratt4e@blogs.com,Male
160,Kingston,Pateman,72,kpateman4f@ameblo.jp,Male
161,Ninetta,Daniellot,51,ndaniellot4g@ameblo.jp,Female
162,Gideon,Birdwistle,53,gbirdwistle4h@is.gd,Male
163,Kaiser,Wiltsher,46,kwiltsher4i@angelfire.com,Male
164,Lee,Gyver,85,lgyver4j@wsj.com,Female
165,Trudi,Pring,20,tpring4k@phpbb.com,Female
166,Ashby,Tungate,63,atungate4l@xing.com,Male
167,Fernande,McTiernan,60,fmctiernan4m@g.co,Female
168,Claire,Capsey,22,ccapsey4n@msn.com,Female
169,Nettle,Putley,53,nputley4o@si.edu,Female
170,Gard,Fawdery,58,gfawdery4p@nationalgeographic.com,Male
171,Yale,Marsay,67,ymarsay4q@wikipedia.org,Male
172,Edyth,Sebyer,31,esebyer4r@chicagotribune.com,Female
173,Garik,Magowan,25,gmagowan4s@blinklist.com,Male
174,Tani,Brereton,81,tbrereton4t@over-blog.com,Female
175,Harley,Gaze,46,hgaze4u@java.com,Genderqueer
176,Flory,Byram,62,fbyram4v@umich.edu,Female
177,Terra,Flawith,74,tflawith4w@imgur.com,Female
178,Innis,Riccardelli,58,iriccardelli4x@ucoz.com,Male
179,Katie,Bosanko,16,kbosanko4y@nifty.com,Female
180,Colman,Wilcock,26,cwilcock4z@ovh.net,Genderqueer
181,Brigida,Jaze,82,bjaze50@netvibes.com,Female
182,Josefina,Burch,79,jburch51@youku.com,Female
183,Blaine,Tollerfield,30,btollerfield52@gmpg.org,Male
184,Britte,Kelson,35,bkelson53@earthlink.net,Bigender
185,Lorne,Trappe,14,ltrappe54@bravesites.com,Male
186,Fanchon,Rocca,47,frocca55@wikimedia.org,Female
187,Dulcea,Peel,81,dpeel56@wikimedia.org,Female
188,Alf,Shire,74,ashire57@shop-pro.jp,Male
189,Berkley,Stilling,54,bstilling58@barnesandnoble.com,Male
190,Delcina,Hassett,29,dhassett59@theatlantic.com,Female
191,Walden,Bergen,41,wbergen5a@exblog.jp,Polygender
192,Perl,Gillani,46,pgillani5b@china.com.cn,Female
193,Nickie,Rutigliano,57,nrutigliano5c@desdev.cn,Male
194,Mike,Petyt,78,mpetyt5d@ebay.co.uk,Male
195,Ilise,Foyster,69,ifoyster5e@accuweather.com,Genderqueer
196,Claudius,Rampton,68,crampton5f@delicious.com,Male
197,Nathanael,Midson,30,nmidson5g@privacy.gov.au,Male
198,Meade,Moroney,45,mmoroney5h@ihg.com,Genderfluid
199,Magnum,Ryle,67,mryle5i@phoca.cz,Male
200,Linnet,Poyle,19,lpoyle5j@dell.com,Female
201,Pammy,Killcross,65,pkillcross5k@printfriendly.com,Female
202,Charline,Piaggia,44,cpiaggia5l@yellowpages.com,Female
203,Aleece,Greenwell,55,agreenwell5m@house.gov,Genderqueer
204,Celisse,Bamborough,78,cbamborough5n@de.vu,Female
205,Hadrian,Clink,30,hclink5o@bandcamp.com,Male
206,Fred,Samsworth,72,fsamsworth5p@hao123.com,Female
207,Terrance,Toll,31,ttoll5q@1688.com,Male
208,Cathe,Fahrenbach,25,cfahrenbach5r@hc360.com,Female
209,Ellis,Stirrip,20,estirrip5s@salon.com,Male
210,Timotheus,Indgs,25,tindgs5t@apple.com,Male
211,Jenilee,Hevner,27,jhevner5u@wordpress.com,Female
212,Dosi,Breffitt,23,dbreffitt5v@europa.eu,Female
213,Dania,Broadey,28,dbroadey5w@ed.gov,Genderqueer
214,Torrance,Sabban,29,tsabban5x@4shared.com,Male
215,Fedora,Elson,35,felson5y@yale.edu,Female
216,Wilburt,Athelstan,43,wathelstan5z@booking.com,Male
217,Joyous,Boodle,23,jboodle60@taobao.com,Female
218,Gladys,Canas,17,gcanas61@arstechnica.com,Female
219,Sadella,Lawrenz,14,slawrenz62@bigcartel.com,Female
220,Shelagh,Bickerstasse,52,sbickerstasse63@usatoday.com,Female
221,Case,Morcombe,85,cmorcombe64@vistaprint.com,Male
222,Sophia,Esseby,31,sesseby65@huffingtonpost.com,Female
223,Wendie,Dutch,25,wdutch66@about.com,Female
224,Ginny,Alfonsetti,84,galfonsetti67@hud.gov,Female
225,Eddy,Cuardall,30,ecuardall68@homestead.com,Male
226,Laura,Tixall,36,ltixall69@tinyurl.com,Genderqueer
227,Piotr,Paoletto,28,ppaoletto6a@purevolume.com,Male
228,Wynn,Caldecot,32,wcaldecot6b@gizmodo.com,Male
229,Janka,Everington,49,jeverington6c@senate.gov,Female
230,Morena,Von Helmholtz,15,mvonhelmholtz6d@goo.ne.jp,Female
231,Felisha,Dunphie,37,fdunphie6e@sbwire.com,Female
232,Hubert,Learned,56,hlearned6f@amazonaws.com,Male
233,Brice,Jiruch,25,bjiruch6g@rambler.ru,Male
234,Morlee,Damiata,28,mdamiata6h@comsenz.com,Male
235,Nevile,Warwick,66,nwarwick6i@cargocollective.com,Genderqueer
236,Humfrid,Persian,56,hpersian6j@sfgate.com,Male
237,Sophey,Littrik,14,slittrik6k@behance.net,Female
238,Kare,Splain,57,ksplain6l@bloomberg.com,Female
239,Evangeline,Standall,73,estandall6m@yellowbook.com,Female
240,Teri,Mounter,68,tmounter6n@instagram.com,Female
241,Alvira,Olczyk,25,aolczyk6o@nsw.gov.au,Female
242,Murdoch,Treleven,55,mtreleven6p@goo.gl,Polygender
243,Claudius,Whelband,45,cwhelband6q@unblog.fr,Male
244,Prudence,Edden,22,pedden6r@amazon.co.uk,Female
245,Sax,Tax,77,stax6s@umich.edu,Male
246,Noby,Freeland,62,nfreeland6t@livejournal.com,Male
247,Marcelia,Ormerod,79,mormerod6u@elegantthemes.com,Female
248,Wiatt,Bus,51,wbus6v@craigslist.org,Genderfluid
249,Diego,McLaughlin,54,dmclaughlin6w@engadget.com,Male
250,Brice,Torry,16,btorry6x@google.pl,Male
251,Chrisse,Heathorn,39,cheathorn6y@merriam-webster.com,Male
252,Pablo,Vela,35,pvela6z@slashdot.org,Non-binary
253,Concettina,Fillary,51,cfillary70@cam.ac.uk,Female
254,Carmen,Lichtfoth,63,clichtfoth71@microsoft.com,Female
255,Stuart,Ludlom,31,sludlom72@sciencedaily.com,Male
256,Sonny,Hrinchenko,59,shrinchenko73@sohu.com,Female
257,Ahmed,Penvarne,40,apenvarne74@usgs.gov,Male
258,Anjela,Waind,15,awaind75@wikispaces.com,Female
259,Garvey,Backhurst,22,gbackhurst76@printfriendly.com,Male
260,Sinclair,Pashe,31,spashe77@vkontakte.ru,Male
261,Susannah,Helm,43,shelm78@wufoo.com,Female
262,Livvyy,Godmer,54,lgodmer79@tripod.com,Female
263,Errick,Skain,75,eskain7a@cocolog-nifty.com,Male
264,Hasty,Tesimon,75,htesimon7b@rambler.ru,Male
265,Marilee,Baldung,54,mbaldung7c@about.me,Female
266,Leandra,Coggon,30,lcoggon7d@bluehost.com,Female
267,Fritz,Costan,79,fcostan7e@linkedin.com,Male
268,Raul,Arboine,19,rarboine7f@sitemeter.com,Male
269,Tammi,Grix,55,tgrix7g@toplist.cz,Female
270,Corabella,Audibert,65,caudibert7h@soup.io,Female
271,Grete,Marxsen,55,gmarxsen7i@google.pl,Female
272,Catherin,Roscamps,81,croscamps7j@walmart.com,Female
273,Joshuah,Klesel,40,jklesel7k@cpanel.net,Male
274,Lib,Janning,55,ljanning7l@123-reg.co.uk,Female
275,Kynthia,Kuban,62,kkuban7m@tamu.edu,Female
276,Dorelia,Vicent,53,dvicent7n@earthlink.net,Female
277,Rochette,Saleway,71,rsaleway7o@dmoz.org,Female
278,Eduardo,Kempston,56,ekempston7p@technorati.com,Male
279,Cobbie,Brandoni,34,cbrandoni7q@icio.us,Male
280,Skip,Tender,37,stender7r@facebook.com,Male
281,Hewet,Hayford,67,hhayford7s@geocities.jp,Male
282,Rena,Perrie,79,rperrie7t@about.me,Female
283,Abbe,Edworthie,61,aedworthie7u@usnews.com,Female
284,Conrado,Hawkins,20,chawkins7v@github.io,Male
285,Winslow,Bernhardt,73,wbernhardt7w@accuweather.com,Male
286,Waylin,Minihane,64,wminihane7x@wiley.com,Male
287,Tully,Choffin,31,tchoffin7y@simplemachines.org,Male
288,Elsi,Lyngsted,82,elyngsted7z@state.tx.us,Non-binary
289,Norah,Tarver,51,ntarver80@altervista.org,Female
290,Harriette,Baldacchi,59,hbaldacchi81@epa.gov,Agender
291,Christie,Flannery,24,cflannery82@zimbio.com,Female
292,Jasen,Falshaw,15,jfalshaw83@ovh.net,Male
293,Petr,Cargon,83,pcargon84@usnews.com,Male
294,Hollis,Mouser,21,hmouser85@cafepress.com,Male
295,Anne-marie,Tadlow,32,atadlow86@opera.com,Female
296,Aldo,Matisse,82,amatisse87@usatoday.com,Male
297,Gabby,Beetles,61,gbeetles88@printfriendly.com,Male
298,Kirbie,Middiff,61,kmiddiff89@nifty.com,Female
299,Burk,Tortoishell,78,btortoishell8a@drupal.org,Bigender
300,Dillon,Cantrell,84,dcantrell8b@netvibes.com,Male
301,Claudette,Ferrarin,80,cferrarin8c@example.com,Female
302,Marie-jeanne,Lawlance,61,mlawlance8d@exblog.jp,Polygender
303,Lloyd,Getley,61,lgetley8e@symantec.com,Male
304,Dorena,Dominetti,25,ddominetti8f@jugem.jp,Female
305,Carmine,Faltin,33,cfaltin8g@scribd.com,Female
306,Wake,Silson,67,wsilson8h@buzzfeed.com,Male
307,Carmelita,Ketteringham,44,cketteringham8i@arizona.edu,Female
308,Darnall,Castanie,51,dcastanie8j@jigsy.com,Male
309,Dougie,Dignall,35,ddignall8k@liveinternet.ru,Male
310,Martelle,Nelsey,79,mnelsey8l@baidu.com,Female
311,Winonah,Dowyer,51,wdowyer8m@friendfeed.com,Bigender
312,Clayton,Halfhide,39,chalfhide8n@drupal.org,Male
313,Alikee,Layfield,54,alayfield8o@yahoo.com,Female
314,Rickie,Boylund,47,rboylund8p@altervista.org,Male
315,Donall,Pacey,14,dpacey8q@europa.eu,Male
316,Raeann,Gowan,74,rgowan8r@sohu.com,Female
317,Maison,Pawnsford,62,mpawnsford8s@admin.ch,Male
318,Gwenora,Aprahamian,61,gaprahamian8t@squarespace.com,Polygender
319,Clayborne,Hooban,53,chooban8u@indiatimes.com,Male
320,Kimmi,Boick,17,kboick8v@ovh.net,Female
321,Aharon,Ciotto,63,aciotto8w@biblegateway.com,Male
322,Faydra,Jasik,53,fjasik8x@marketwatch.com,Female
323,Wynn,Dockreay,31,wdockreay8y@timesonline.co.uk,Male
324,Patience,Brendish,19,pbrendish8z@statcounter.com,Female
325,Allie,Bartalucci,26,abartalucci90@nbcnews.com,Male
326,Fiona,Cowwell,17,fcowwell91@wufoo.com,Female
327,Guido,Pedro,50,gpedro92@amazon.com,Male
328,Jimmie,Raulstone,49,jraulstone93@mtv.com,Male
329,Nyssa,Fergie,73,nfergie94@woothemes.com,Bigender
330,Jermaine,Eckels,18,jeckels95@ow.ly,Male
331,Donni,Keenlyside,63,dkeenlyside96@globo.com,Female
332,Prentice,Lincoln,31,plincoln97@reuters.com,Male
333,Godard,Rubert,36,grubert98@gravatar.com,Bigender
334,Sibley,Bauduin,78,sbauduin99@google.co.uk,Female
335,Lemar,Tatlow,59,ltatlow9a@1688.com,Male
336,Diann,Skehan,34,dskehan9b@homestead.com,Female
337,Frasquito,Winyard,65,fwinyard9c@vinaora.com,Male
338,Tamas,Gallandre,69,tgallandre9d@google.pl,Bigender
339,Binni,O'Loughnan,79,boloughnan9e@symantec.com,Female
340,Crystal,Houliston,52,chouliston9f@netlog.com,Genderqueer
341,Tiphani,Yerrall,28,tyerrall9g@diigo.com,Female
342,Kerry,Crummy,71,kcrummy9h@youtube.com,Male
343,Alene,Pierson,20,apierson9i@latimes.com,Female
344,Marjie,Macewan,34,mmacewan9j@sciencedirect.com,Female
345,Max,Scurfield,57,mscurfield9k@princeton.edu,Male
346,Denney,Galfour,80,dgalfour9l@nba.com,Male
347,Rockwell,Pedrazzi,30,rpedrazzi9m@go.com,Male
348,Annis,Digle,81,adigle9n@chicagotribune.com,Polygender
349,Hallsy,McGavin,22,hmcgavin9o@wufoo.com,Male
350,Fletch,Beakes,41,fbeakes9p@exblog.jp,Male
351,Byrann,Lawes,42,blawes9q@yolasite.com,Male
352,Fraze,Jerrans,23,fjerrans9r@hatena.ne.jp,Male
353,Adolph,Lyddon,44,alyddon9s@hugedomains.com,Genderqueer
354,Valida,Piegrome,44,vpiegrome9t@ovh.net,Female
355,Marvin,Pleavin,42,mpleavin9u@aol.com,Male
356,Joletta,Shawley,63,jshawley9v@nyu.edu,Agender
357,Garwood,Winters,59,gwinters9w@about.me,Male
358,Jewel,Dugall,37,jdugall9x@epa.gov,Female
359,Colette,McEntagart,52,cmcentagart9y@quantcast.com,Female
360,Bevan,Iannetti,66,biannetti9z@gmpg.org,Male
361,Kala,Janzen,77,kjanzena0@ted.com,Genderqueer
362,Nickolaus,Lunnon,43,nlunnona1@joomla.org,Male
363,Garwin,Aykroyd,31,gaykroyda2@issuu.com,Male
364,Giulio,Ferreli,76,gferrelia3@clickbank.net,Male
365,Quincey,Just,55,qjusta4@abc.net.au,Male
366,Adorne,Tweedie,28,atweediea5@hp.com,Female
367,Krystal,Daldry,49,kdaldrya6@stanford.edu,Female
368,Gabbie,Klouz,77,gklouza7@biblegateway.com,Female
369,Carmela,Goulborn,23,cgoulborna8@businesswire.com,Female
370,Jeannette,Charsley,77,jcharsleya9@elpais.com,Female
371,Nichols,Elliman,60,nellimanaa@tinyurl.com,Male
372,Gardie,D'Hooghe,66,gdhoogheab@ycombinator.com,Male
373,Emmy,Durning,50,edurningac@smugmug.com,Female
374,Berny,Barnard,79,bbarnardad@dagondesign.com,Male
375,Kelila,Beseke,40,kbesekeae@vistaprint.com,Female
376,Thia,Temperton,36,ttempertonaf@nsw.gov.au,Female
377,Page,Waddie,36,pwaddieag@state.tx.us,Female
378,Melodee,Shilliday,15,mshillidayah@1und1.de,Female
379,Nyssa,Franzini,49,nfranziniai@hugedomains.com,Female
380,Amata,Powys,47,apowysaj@utexas.edu,Female
381,Ardine,Caff,20,acaffak@google.com.hk,Female
382,Jacynth,Reveley,54,jreveleyal@fda.gov,Female
383,Donnell,Yepiskov,62,dyepiskovam@shop-pro.jp,Male
384,Lita,Slany,28,lslanyan@cnn.com,Female
385,Zebedee,Hilldrop,58,zhilldropao@printfriendly.com,Male
386,Bennie,Toffano,38,btoffanoap@wisc.edu,Female
387,Roslyn,Ballin,29,rballinaq@ask.com,Female
388,Fidelity,Mullett,53,fmullettar@g.co,Female
389,Jess,Edland,40,jedlandas@baidu.com,Female
390,Zachariah,Pleager,37,zpleagerat@whitehouse.gov,Male
391,Krispin,Bussons,56,kbussonsau@pen.io,Male
392,Ashley,Brunn,66,abrunnav@biblegateway.com,Male
393,Skelly,Simecek,71,ssimecekaw@jigsy.com,Male
394,Vernen,Sirey,57,vsireyax@gravatar.com,Male
395,Blake,Allenby,70,ballenbyay@mail.ru,Bigender
396,Vivie,Leadbitter,31,vleadbitteraz@jalbum.net,Female
397,Agosto,Gregorin,64,agregorinb0@usda.gov,Male
398,Emanuele,O'Finan,42,eofinanb1@cdc.gov,Male
399,Rockie,Cadle,35,rcadleb2@google.nl,Male
400,Ilka,Skeech,74,iskeechb3@yelp.com,Bigender
401,Guglielma,Gooderridge,29,ggooderridgeb4@gnu.org,Polygender
402,Dreddy,Darycott,15,ddarycottb5@businessinsider.com,Female
403,Althea,Scay,60,ascayb6@technorati.com,Non-binary
404,Reggy,Helin,60,rhelinb7@friendfeed.com,Bigender
405,Normie,McLay,36,nmclayb8@youtube.com,Male
406,Baird,Karys,49,bkarysb9@ft.com,Male
407,Jule,Roft,14,jroftba@jugem.jp,Male
408,Nedda,Michelet,70,nmicheletbb@sciencedirect.com,Female
409,Deane,Vawton,15,dvawtonbc@webmd.com,Male
410,Anthea,Gentry,19,agentrybd@hugedomains.com,Female
411,Emmy,Heintz,73,eheintzbe@feedburner.com,Male
412,Connie,Burgne,69,cburgnebf@unicef.org,Female
413,Honey,Mullins,81,hmullinsbg@webnode.com,Female
414,Orelle,Keeling,35,okeelingbh@constantcontact.com,Bigender
415,Padriac,Nodes,52,pnodesbi@geocities.com,Male
416,Tresa,Smallcomb,65,tsmallcombbj@webs.com,Female
417,Felicio,Spehr,70,fspehrbk@state.tx.us,Male
418,Dominik,Hadden,42,dhaddenbl@cdc.gov,Non-binary
419,Florri,Mager,48,fmagerbm@vistaprint.com,Female
420,Sorcha,Coen,72,scoenbn@mit.edu,Female
421,Obadiah,Curtoys,73,ocurtoysbo@wix.com,Male
422,Lynnet,Hovie,60,lhoviebp@meetup.com,Female
423,Courtney,Jancar,22,cjancarbq@mozilla.org,Male
424,Solomon,Seldner,67,sseldnerbr@comsenz.com,Male
425,Natalee,Coutthart,20,ncoutthartbs@t-online.de,Female
426,Dana,Goodread,73,dgoodreadbt@census.gov,Male
427,Gates,Stockow,36,gstockowbu@nifty.com,Female
428,Eugene,Gadsby,27,egadsbybv@vinaora.com,Male
429,Malissia,Quene,71,mquenebw@infoseek.co.jp,Female
430,Chet,McPike,69,cmcpikebx@google.nl,Male
431,Reinold,Jumel,77,rjumelby@mac.com,Male
432,Kellby,Yanez,66,kyanezbz@omniture.com,Male
433,Haily,Ayre,24,hayrec0@51.la,Male
434,Shanta,Weavill,78,sweavillc1@slideshare.net,Female
435,Tori,Bathurst,40,tbathurstc2@google.pl,Female
436,Ettie,Pitkins,73,epitkinsc3@va.gov,Female
437,Kathe,Baudichon,40,kbaudichonc4@pbs.org,Female
438,Dorie,Jiroutek,83,djiroutekc5@examiner.com,Male
439,Nial,Paolo,41,npaoloc6@yahoo.com,Male
440,Melodie,Tocher,51,mtocherc7@skype.com,Female
441,Darbie,Pasley,46,dpasleyc8@sakura.ne.jp,Female
442,Sigismond,Else,22,selsec9@hubpages.com,Male
443,Robin,Bidnall,24,rbidnallca@canalblog.com,Female
444,Keven,Chad,20,kchadcb@accuweather.com,Male
445,Ava,Colliss,49,acollisscc@myspace.com,Non-binary
446,My,Hartzog,82,mhartzogcd@wsj.com,Male
447,Alano,Cressor,65,acressorce@wikimedia.org,Male
448,Davy,Jearum,60,djearumcf@census.gov,Male
449,Eva,Ivell,20,eivellcg@senate.gov,Female
450,Robin,Chaster,53,rchasterch@tiny.cc,Female
451,Ive,Caselli,67,icasellici@linkedin.com,Genderqueer
452,Bernie,Buzine,62,bbuzinecj@liveinternet.ru,Female
453,Meagan,Papez,72,mpapezck@soundcloud.com,Genderfluid
454,Dionne,Levins,71,dlevinscl@mtv.com,Female
455,Demetrius,O'Dare,19,dodarecm@weibo.com,Male
456,Chane,Mangion,33,cmangioncn@home.pl,Genderqueer
457,Mayer,Larner,61,mlarnerco@last.fm,Male
458,Dyanne,Pettko,19,dpettkocp@utexas.edu,Female
459,Berget,Filippov,81,bfilippovcq@smh.com.au,Genderqueer
460,Gay,Yerill,52,gyerillcr@instagram.com,Female
461,Rikki,Kenderdine,32,rkenderdinecs@pcworld.com,Female
462,Corina,Mulheron,75,cmulheronct@wisc.edu,Female
463,Donica,Killelay,68,dkillelaycu@marriott.com,Female
464,Lolly,Mordon,80,lmordoncv@qq.com,Female
465,Sonny,Fildes,78,sfildescw@taobao.com,Non-binary
466,Noah,Loxly,25,nloxlycx@ameblo.jp,Male
467,Keelby,Leehane,31,kleehanecy@domainmarket.com,Male
468,Jaquelin,Stockell,72,jstockellcz@vk.com,Female
469,Barry,Squibe,46,bsquibed0@ovh.net,Male
470,Cora,Thominga,44,cthomingad1@over-blog.com,Female
471,Uriah,Brawn,28,ubrawnd2@oakley.com,Male
472,Barry,Skittle,45,bskittled3@soundcloud.com,Male
473,Kayle,Duerden,36,kduerdend4@wix.com,Genderqueer
474,Renaud,Lewinton,21,rlewintond5@baidu.com,Male
475,Maje,Priestley,22,mpriestleyd6@cafepress.com,Male
476,Leisha,Ruckledge,41,lruckledged7@studiopress.com,Female
477,Demetris,Yellowlees,79,dyellowleesd8@nps.gov,Female
478,Florella,Sole,59,fsoled9@time.com,Female
479,Candace,Wilkin,78,cwilkinda@google.com.hk,Female
480,Dani,Steedman,29,dsteedmandb@example.com,Male
481,Rhetta,Adenot,51,radenotdc@cafepress.com,Female
482,Kaleena,Labbez,30,klabbezdd@joomla.org,Female
483,Dorothea,Aldous,29,daldousde@sogou.com,Female
484,Adan,Guynemer,44,aguynemerdf@hexun.com,Male
485,Josh,Tearney,64,jtearneydg@issuu.com,Male
486,Davey,MacGilfoyle,32,dmacgilfoyledh@craigslist.org,Male
487,Eddy,Frede,65,efrededi@wordpress.org,Polygender
488,Junia,Pafford,65,jpafforddj@freewebs.com,Female
489,Lebbie,Skough,74,lskoughdk@pen.io,Female
490,Walden,Jeafferson,33,wjeaffersondl@miitbeian.gov.cn,Male
491,Joceline,Rabbitts,25,jrabbittsdm@wordpress.com,Female
492,Marketa,Barnfather,41,mbarnfatherdn@gizmodo.com,Female
493,Cyndy,Simon,38,csimondo@eventbrite.com,Female
494,Beatrix,Hache,44,bhachedp@slashdot.org,Female
495,Lisetta,Cinnamond,42,lcinnamonddq@delicious.com,Female
496,Babette,Patek,37,bpatekdr@bravesites.com,Female
497,Ruperto,Driver,56,rdriverds@qq.com,Male
498,Korry,Leeves,32,kleevesdt@hatena.ne.jp,Polygender
499,Hillary,Silveston,50,hsilvestondu@engadget.com,Male
500,Mattheus,Savoury,14,msavourydv@sphinn.com,Male
501,Hilarius,Scourgie,59,hscourgiedw@economist.com,Male
502,Carmine,Carnock,51,ccarnockdx@squidoo.com,Male
503,Maggie,Filipputti,67,mfilipputtidy@uiuc.edu,Non-binary
504,Marline,Ivakhno,83,mivakhnodz@domainmarket.com,Female
505,Bill,Moorrud,66,bmoorrude0@naver.com,Female
506,Alex,Dietsche,58,adietschee1@wordpress.com,Female
507,Kim,Putnam,79,kputname2@noaa.gov,Genderfluid
508,Briny,Huckell,43,bhuckelle3@fc2.com,Female
509,Maressa,Tolcher,50,mtolchere4@digg.com,Female
510,Rafa,Carss,26,rcarsse5@addthis.com,Female
511,Sherie,Lambillion,82,slambillione6@yandex.ru,Female
512,Cammie,Count,43,ccounte7@multiply.com,Female
513,Nickola,Oliver,14,nolivere8@indiatimes.com,Male
514,Nicholle,Palomba,15,npalombae9@technorati.com,Female
515,Edik,O'Concannon,14,eoconcannonea@ed.gov,Male
516,Trixi,Mallya,39,tmallyaeb@boston.com,Female
517,Dar,Partlett,78,dpartlettec@hud.gov,Male
518,Berkie,Stearn,15,bstearned@geocities.jp,Male
519,Ingaborg,Odell,84,iodellee@unblog.fr,Polygender
520,Emmeline,Pasque,69,epasqueef@bluehost.com,Agender
521,Althea,Goakes,77,agoakeseg@virginia.edu,Bigender
522,Max,Riping,22,mripingeh@dyndns.org,Male
523,Wendel,Sturridge,15,wsturridgeei@spiegel.de,Male
524,Crichton,Berthod,32,cberthodej@soundcloud.com,Male
525,Dian,Monan,63,dmonanek@indiegogo.com,Female
526,Huberto,Picardo,60,hpicardoel@apache.org,Agender
527,Mile,Burnett,17,mburnettem@mit.edu,Male
528,Myrvyn,Durbin,42,mdurbinen@sohu.com,Male
529,Sib,Theodore,59,stheodoreeo@intel.com,Female
530,Theo,Papaminas,42,tpapaminasep@aol.com,Female
531,Ragnar,Galego,39,rgalegoeq@microsoft.com,Male
532,Doe,Sainte Paul,27,dsaintepauler@digg.com,Genderfluid
533,Loraine,Noseworthy,45,lnoseworthyes@pen.io,Female
534,Marcel,Rubinowitsch,39,mrubinowitschet@wsj.com,Male
535,Meggy,Marchand,54,mmarchandeu@wikia.com,Female
536,Marrilee,Gormally,21,mgormallyev@joomla.org,Female
537,Mathian,Pittham,20,mpitthamew@dion.ne.jp,Male
538,Kip,Prise,61,kpriseex@webmd.com,Male
539,Brandice,Studd,81,bstuddey@telegraph.co.uk,Female
540,Maximilien,Radbourne,43,mradbourneez@elegantthemes.com,Male
541,Kaye,Blaszczyk,62,kblaszczykf0@fotki.com,Female
542,Alisander,Gumary,36,agumaryf1@businesswire.com,Male
543,Fredra,Cuffley,29,fcuffleyf2@mashable.com,Female
544,Felicity,Conan,44,fconanf3@va.gov,Female
545,Etta,Casin,54,ecasinf4@unc.edu,Female
546,Agustin,Elford,66,aelfordf5@mozilla.org,Male
547,Rosamond,Stoffersen,60,rstoffersenf6@discovery.com,Female
548,Callida,Farloe,58,cfarloef7@businessweek.com,Female
549,Camey,Bridal,38,cbridalf8@time.com,Genderfluid
550,Maximilien,Hessay,43,mhessayf9@mtv.com,Male
551,Barris,Sendley,46,bsendleyfa@smugmug.com,Male
552,Ignacio,Buddock,78,ibuddockfb@ameblo.jp,Male
553,Xenia,Biaggi,75,xbiaggifc@sciencedaily.com,Female
554,Vivyanne,Zanetello,54,vzanetellofd@spiegel.de,Female
555,Shannan,Paike,85,spaikefe@bing.com,Male
556,Lauren,Jenner,21,ljennerff@google.it,Male
557,Dorie,Jandac,59,djandacfg@cnbc.com,Female
558,Brewer,Burnel,16,bburnelfh@utexas.edu,Male
559,Craig,Harding,33,chardingfi@cbsnews.com,Male
560,Jannelle,Cayet,85,jcayetfj@utexas.edu,Female
561,Gill,Menhci,58,gmenhcifk@cmu.edu,Male
562,Johna,Frossell,26,jfrossellfl@uol.com.br,Female
563,Em,Manhare,34,emanharefm@census.gov,Male
564,Ford,Henrych,38,fhenrychfn@dmoz.org,Male
565,Ludvig,Skipping,71,lskippingfo@chicagotribune.com,Male
566,Johnny,Gask,52,jgaskfp@i2i.jp,Male
567,Bentlee,Mackleden,45,bmackledenfq@bloglines.com,Male
568,Lionel,Scotchbourouge,53,lscotchbourougefr@aol.com,Male
569,Harriot,Shippard,30,hshippardfs@ftc.gov,Female
570,Kippar,Figliovanni,63,kfigliovannift@omniture.com,Male
571,Penny,Harrington,61,pharringtonfu@ftc.gov,Male
572,Glynn,Burke,65,gburkefv@simplemachines.org,Non-binary
573,Thorndike,Powers,44,tpowersfw@weebly.com,Male
574,Faustina,Persitt,17,fpersittfx@hc360.com,Female
575,Berni,Yitzovicz,15,byitzoviczfy@usatoday.com,Female
576,Murielle,Piatek,40,mpiatekfz@hc360.com,Female
577,Albertine,Beeby,55,abeebyg0@apache.org,Female
578,Anjela,Farrens,35,afarrensg1@go.com,Female
579,Jacinta,Randalson,27,jrandalsong2@google.co.jp,Female
580,Ann,Flecknoe,34,aflecknoeg3@oakley.com,Female
581,Casar,Minor,60,cminorg4@ovh.net,Male
582,Humfried,Stollery,60,hstolleryg5@craigslist.org,Male
583,Ginnie,Campsall,29,gcampsallg6@e-recht24.de,Female
584,Melodie,Phillps,31,mphillpsg7@wordpress.com,Female
585,Germaine,Rising,51,grisingg8@stumbleupon.com,Female
586,Aloisia,Daintree,74,adaintreeg9@mysql.com,Agender
587,Ellis,Hacard,28,ehacardga@illinois.edu,Male
588,Katine,Viall,48,kviallgb@jimdo.com,Female
589,Kimbra,Khosa,59,kkhosagc@icio.us,Female
590,Calv,Arber,78,carbergd@europa.eu,Male
591,Nathalia,Tibbles,23,ntibblesge@apple.com,Female
592,Bartholemy,Rubke,71,brubkegf@archive.org,Male
593,Emanuel,Romke,75,eromkegg@miibeian.gov.cn,Male
594,Pattie,Neumann,71,pneumanngh@themeforest.net,Female
595,Cosette,Skpsey,31,cskpseygi@webeden.co.uk,Female
596,Tine,Peatheyjohns,31,tpeatheyjohnsgj@epa.gov,Female
597,Mirabella,Jerrim,36,mjerrimgk@twitter.com,Female
598,Mada,Hallad,66,mhalladgl@godaddy.com,Genderqueer
599,Zacharie,Manus,35,zmanusgm@youku.com,Male
600,Cammie,Olliffe,16,colliffegn@last.fm,Female
601,Winnie,McClary,66,wmcclarygo@house.gov,Female
602,Tommy,Mattes,26,tmattesgp@soup.io,Female
603,Gert,Parke,17,gparkegq@miibeian.gov.cn,Female
604,Eal,Saunton,59,esauntongr@hubpages.com,Male
605,Jake,Ferneyhough,47,jferneyhoughgs@washingtonpost.com,Male
606,Brina,Redihough,32,bredihoughgt@dot.gov,Female
607,Courtney,Menere,36,cmeneregu@over-blog.com,Male
608,Zonnya,Breton,76,zbretongv@eepurl.com,Female
609,Benedicto,Neubigging,79,bneubigginggw@sourceforge.net,Male
610,Willdon,Kayley,57,wkayleygx@photobucket.com,Male
611,Crissy,Lorden,79,clordengy@sun.com,Female
612,Clayborn,McCrum,67,cmccrumgz@webs.com,Male
613,Tobias,Shadfourth,69,tshadfourthh0@diigo.com,Male
614,Agna,Justun,19,ajustunh1@ovh.net,Female
615,Derril,Durand,20,ddurandh2@ucla.edu,Male
616,Caril,Gregol,43,cgregolh3@wikipedia.org,Female
617,Jori,Andrzejowski,43,jandrzejowskih4@dyndns.org,Female
618,Nevil,Harsnep,28,nharsneph5@trellian.com,Male
619,Shayne,Rigney,53,srigneyh6@imgur.com,Male
620,Kizzee,Evett,70,kevetth7@oaic.gov.au,Female
621,Sherwynd,Abry,35,sabryh8@twitter.com,Male
622,Spike,Murricanes,70,smurricanesh9@yahoo.com,Male
623,Robyn,Fargie,49,rfargieha@bizjournals.com,Genderqueer
624,Bernardine,Rawsthorne,26,brawsthornehb@163.com,Bigender
625,Karalynn,Pether,47,kpetherhc@alexa.com,Female
626,Jonathon,MacGruer,81,jmacgruerhd@ftc.gov,Male
627,Fallon,Pinsent,33,fpinsenthe@answers.com,Female
628,Alvie,Morton,39,amortonhf@yelp.com,Male
629,Suzi,Shepard,75,sshepardhg@gravatar.com,Female
630,Garry,Fuller,29,gfullerhh@unblog.fr,Male
631,Veronika,Kendal,56,vkendalhi@fc2.com,Female
632,Hortensia,Leinster,48,hleinsterhj@cargocollective.com,Female
633,Kale,Cleary,47,kclearyhk@cafepress.com,Male
634,Ashien,Grover,63,agroverhl@ifeng.com,Female
635,Deny,Baile,45,dbailehm@tiny.cc,Female
636,Marwin,Parren,25,mparrenhn@tinypic.com,Male
637,Lanny,Peizer,41,lpeizerho@yelp.com,Female
638,Jami,Beadel,49,jbeadelhp@webs.com,Female
639,Yehudi,Masding,59,ymasdinghq@slashdot.org,Male
640,Lindsy,Penberthy,14,lpenberthyhr@sbwire.com,Bigender
641,Shelba,Nealand,14,snealandhs@comcast.net,Female
642,Jilleen,Alty,30,jaltyht@nasa.gov,Female
643,Hallsy,Weld,72,hweldhu@ezinearticles.com,Male
644,Towney,Utley,41,tutleyhv@gnu.org,Male
645,Brandtr,Kinver,44,bkinverhw@bigcartel.com,Male
646,Xerxes,Bruun,20,xbruunhx@quantcast.com,Male
647,Gene,Willavoys,63,gwillavoyshy@patch.com,Female
648,Ortensia,Avey,63,oaveyhz@photobucket.com,Female
649,Rhea,Brunel,36,rbruneli0@simplemachines.org,Female
650,Hayward,Roark,53,hroarki1@ifeng.com,Male
651,Ronnica,Muncaster,81,rmuncasteri2@cisco.com,Female
652,Orion,Van Velde,51,ovanveldei3@bravesites.com,Male
653,Zita,Satterly,56,zsatterlyi4@addtoany.com,Female
654,Stephannie,Esherwood,81,sesherwoodi5@telegraph.co.uk,Female
655,Allys,Hambric,62,ahambrici6@freewebs.com,Female
656,Danya,Ingraham,72,dingrahami7@arstechnica.com,Male
657,Reinhard,Olander,18,rolanderi8@google.de,Male
658,Annelise,Beetham,60,abeethami9@intel.com,Female
659,Craggie,Pretor,85,cpretoria@e-recht24.de,Male
660,Winfred,Holburn,35,wholburnib@pen.io,Genderqueer
661,Charo,Grindle,69,cgrindleic@businessinsider.com,Bigender
662,Armando,Wogdon,81,awogdonid@typepad.com,Male
663,Humfried,Bownd,53,hbowndie@cisco.com,Non-binary
664,Hebert,Keppy,60,hkeppyif@buzzfeed.com,Male
665,Henderson,Alflat,31,halflatig@free.fr,Male
666,Gillan,Lambie,61,glambieih@issuu.com,Female
667,Leona,Barribal,49,lbarribalii@youku.com,Female
668,Fabian,Yegorev,33,fyegorevij@webnode.com,Male
669,Wren,Barbie,26,wbarbieik@washingtonpost.com,Female
670,Burnaby,Cowitz,81,bcowitzil@istockphoto.com,Male
671,Eb,Lanigan,36,elaniganim@wikimedia.org,Male
672,Darlene,Witcher,84,dwitcherin@wufoo.com,Female
673,Lianna,Burch,74,lburchio@zdnet.com,Female
674,Ardyce,Bulbrook,51,abulbrookip@desdev.cn,Female
675,Colly,Leeming,73,cleemingiq@illinois.edu,Female
676,Lissa,Luipold,51,lluipoldir@accuweather.com,Genderfluid
677,Gradeigh,Poulden,82,gpouldenis@slideshare.net,Male
678,Nickey,Isenor,15,nisenorit@house.gov,Male
679,Horten,Purry,72,hpurryiu@youku.com,Male
680,Byran,Cork,74,bcorkiv@virginia.edu,Genderqueer
681,Anastassia,Ludmann,65,aludmanniw@netvibes.com,Female
682,Glynn,Pomeroy,69,gpomeroyix@mit.edu,Male
683,Dallis,Woodfield,26,dwoodfieldiy@eventbrite.com,Male
684,Harper,Burd,78,hburdiz@elegantthemes.com,Male
685,Karna,Demschke,35,kdemschkej0@upenn.edu,Genderqueer
686,Dorena,Whaley,32,dwhaleyj1@slate.com,Genderfluid
687,Consuelo,Lumpkin,70,clumpkinj2@moonfruit.com,Female
688,Milt,Waything,60,mwaythingj3@tinypic.com,Male
689,Dulcie,O'Hartagan,41,dohartaganj4@tiny.cc,Female
690,Isa,Marjoribanks,22,imarjoribanksj5@technorati.com,Male
691,Colly,Corrington,61,ccorringtonj6@nba.com,Female
692,Sheffie,Cradock,47,scradockj7@nationalgeographic.com,Male
693,Ninetta,Coale,76,ncoalej8@engadget.com,Female
694,Ewan,Parmiter,80,eparmiterj9@bravesites.com,Male
695,Reggy,Trulock,30,rtrulockja@java.com,Male
696,Ado,Dowman,34,adowmanjb@mlb.com,Male
697,Anthea,Jerisch,55,ajerischjc@jimdo.com,Female
698,Marie-ann,Du Fray,76,mdufrayjd@japanpost.jp,Female
699,Lindon,Cubberley,70,lcubberleyje@apple.com,Male
700,Keir,Lanfare,30,klanfarejf@oaic.gov.au,Male
701,Olvan,Jervois,48,ojervoisjg@upenn.edu,Male
702,Corny,Wingham,20,cwinghamjh@boston.com,Female
703,Margaretta,Gutman,14,mgutmanji@pbs.org,Female
704,Isabeau,Kingsnod,69,ikingsnodjj@salon.com,Female
705,Cort,Casetti,45,ccasettijk@eepurl.com,Male
706,Nikola,Rassell,35,nrasselljl@slashdot.org,Male
707,Terrel,Cragg,85,tcraggjm@chicagotribune.com,Male
708,Alyda,Calltone,72,acalltonejn@cloudflare.com,Female
709,Demeter,McGilbon,45,dmcgilbonjo@nydailynews.com,Female
710,Cyril,Soeiro,72,csoeirojp@cocolog-nifty.com,Polygender
711,Link,Altree,27,laltreejq@msn.com,Male
712,Storm,Hanway,22,shanwayjr@tumblr.com,Female
713,Hadria,Fahrenbacher,27,hfahrenbacherjs@msu.edu,Female
714,Johann,Kubicek,54,jkubicekjt@alibaba.com,Male
715,Gustie,Godwin,69,ggodwinju@sun.com,Female
716,Wally,Ianson,33,wiansonjv@techcrunch.com,Female
717,Hurlee,MacVaugh,55,hmacvaughjw@google.fr,Male
718,Morry,Scrannage,49,mscrannagejx@marriott.com,Male
719,Linzy,Abbay,66,labbayjy@archive.org,Female
720,Kerianne,Pattisson,53,kpattissonjz@feedburner.com,Female
721,Taddeusz,Herche,64,therchek0@themeforest.net,Male
722,Cari,Twede,18,ctwedek1@japanpost.jp,Female
723,Duffie,Dobbing,62,ddobbingk2@jugem.jp,Male
724,Clayson,Bohike,47,cbohikek3@walmart.com,Male
725,Ulla,Brient,62,ubrientk4@ca.gov,Female
726,Ham,Corey,75,hcoreyk5@amazon.co.jp,Male
727,Freddie,Overil,47,foverilk6@webeden.co.uk,Male
728,Dal,Farady,51,dfaradyk7@printfriendly.com,Male
729,Karita,Branca,82,kbrancak8@ustream.tv,Female
730,Stanleigh,Fashion,64,sfashionk9@usatoday.com,Male
731,Erinn,Mazzei,83,emazzeika@g.co,Female
732,Martie,Thurlby,73,mthurlbykb@google.ru,Female
733,Jerri,McConnulty,70,jmcconnultykc@europa.eu,Male
734,Hollie,Saltern,53,hsalternkd@canalblog.com,Genderqueer
735,Nathanil,Casper,28,ncasperke@newsvine.com,Male
736,Noah,Bridgstock,76,nbridgstockkf@themeforest.net,Male
737,Morgana,Courtese,82,mcourtesekg@guardian.co.uk,Female
738,Currey,Idney,80,cidneykh@plala.or.jp,Male
739,Bev,Blatchford,68,bblatchfordki@jalbum.net,Female
740,Jodi,Greatham,49,jgreathamkj@telegraph.co.uk,Female
741,Kim,Stuttard,34,kstuttardkk@cbslocal.com,Female
742,Cammy,Sorsbie,77,csorsbiekl@slideshare.net,Female
743,Jessee,Brann,15,jbrannkm@unblog.fr,Male
744,Khalil,Maly,58,kmalykn@walmart.com,Male
745,Tuck,Bustin,46,tbustinko@behance.net,Male
746,Weider,Dallman,79,wdallmankp@imgur.com,Male
747,Lambert,Clatworthy,55,lclatworthykq@amazon.de,Male
748,Selby,Adshed,59,sadshedkr@sakura.ne.jp,Male
749,Karena,Abramzon,47,kabramzonks@slashdot.org,Female
750,Christi,Westmorland,45,cwestmorlandkt@tumblr.com,Female
751,Tracie,Scouler,57,tscoulerku@trellian.com,Male
752,Tyler,Dorricott,84,tdorricottkv@dagondesign.com,Male
753,Marcel,Morehall,47,mmorehallkw@wufoo.com,Male
754,Lamont,Simyson,69,lsimysonkx@theguardian.com,Male
755,Jacinta,Behnen,21,jbehnenky@discuz.net,Female
756,Toni,Bestiman,27,tbestimankz@omniture.com,Female
757,Ericha,Berens,42,eberensl0@storify.com,Female
758,Cristionna,Ovanesian,68,covanesianl1@stumbleupon.com,Female
759,Fredelia,Thomerson,27,fthomersonl2@over-blog.com,Female
760,Nike,Bather,79,nbatherl3@qq.com,Female
761,Vassili,Apthorpe,22,vapthorpel4@globo.com,Male
762,Gaelan,Fader,34,gfaderl5@goodreads.com,Male
763,Drake,McReynold,80,dmcreynoldl6@sina.com.cn,Male
764,Matteo,Farnhill,68,mfarnhilll7@list-manage.com,Non-binary
765,Holmes,Wardley,18,hwardleyl8@wisc.edu,Male
766,Charissa,Okenfold,21,cokenfoldl9@goodreads.com,Female
767,Martelle,Phelp,65,mphelpla@elpais.com,Bigender
768,Trueman,Judge,52,tjudgelb@hp.com,Male
769,Cointon,Janout,14,cjanoutlc@mayoclinic.com,Male
770,Laurella,Snodden,66,lsnoddenld@sbwire.com,Female
771,Cchaddie,Malim,53,cmalimle@networkadvertising.org,Male
772,Reade,Pyett,14,rpyettlf@wsj.com,Male
773,Morly,Daffern,45,mdaffernlg@gizmodo.com,Male
774,Art,Yosifov,53,ayosifovlh@spiegel.de,Male
775,Marjie,Clymer,32,mclymerli@adobe.com,Female
776,Marybelle,Lavender,29,mlavenderlj@time.com,Female
777,Maxine,Allmond,65,mallmondlk@wordpress.com,Female
778,Evelyn,Stockman,64,estockmanll@netlog.com,Male
779,Englebert,Kier,48,ekierlm@hostgator.com,Male
780,Gregorio,Burdin,61,gburdinln@aol.com,Male
781,Neel,Maylard,17,nmaylardlo@wired.com,Male
782,Traver,Fri,27,tfrilp@ustream.tv,Genderqueer
783,Caritta,Andriesse,38,candriesselq@tmall.com,Female
784,Shem,Sineath,51,ssineathlr@msu.edu,Male
785,Brina,Gunn,47,bgunnls@oracle.com,Female
786,Orsola,Sillett,85,osillettlt@reference.com,Female
787,Jyoti,Van Dale,78,jvandalelu@over-blog.com,Female
788,Paddie,Cud,67,pcudlv@bandcamp.com,Male
789,Perkin,Malley,19,pmalleylw@clickbank.net,Male
790,Claudius,Drogan,53,cdroganlx@japanpost.jp,Male
791,Holt,Spears,21,hspearsly@phoca.cz,Male
792,Ashley,Menham,47,amenhamlz@nba.com,Male
793,Pen,Tosdevin,65,ptosdevinm0@imgur.com,Male
794,Gerald,Goodfellow,18,ggoodfellowm1@sbwire.com,Male
795,Freda,Albrighton,85,falbrightonm2@bloomberg.com,Female
796,Corri,Peidro,58,cpeidrom3@free.fr,Polygender
797,Reece,Hasson,46,rhassonm4@xinhuanet.com,Male
798,Elayne,Nowick,64,enowickm5@ycombinator.com,Female
799,Milly,Sarge,15,msargem6@ovh.net,Female
800,Antonina,Ropert,71,aropertm7@sciencedirect.com,Female
801,Randell,Wenderott,85,rwenderottm8@npr.org,Male
802,Pamella,Gerg,59,pgergm9@cbc.ca,Female
803,Emelia,Christene,18,echristenema@columbia.edu,Female
804,Lillian,Cromie,37,lcromiemb@quantcast.com,Female
805,Nicola,Ronald,22,nronaldmc@xrea.com,Male
806,Ray,Campo,64,rcampomd@canalblog.com,Female
807,Harris,Ganforthe,68,hganfortheme@meetup.com,Male
808,Libbey,Hugonnet,51,lhugonnetmf@usda.gov,Female
809,Lewiss,Hurdedge,15,lhurdedgemg@techcrunch.com,Male
810,Laverna,Prydie,29,lprydiemh@photobucket.com,Female
811,Mortie,Christescu,54,mchristescumi@go.com,Polygender
812,Daisie,Beveridge,33,dbeveridgemj@geocities.com,Female
813,Davita,Joddins,51,djoddinsmk@fema.gov,Female
814,Si,Gapp,53,sgappml@icio.us,Male
815,Terencio,Kubis,70,tkubismm@businesswire.com,Male
816,Jarrett,Estoile,45,jestoilemn@tmall.com,Male
817,Darby,Curragh,19,dcurraghmo@usgs.gov,Male
818,Gisele,Fulstow,18,gfulstowmp@apache.org,Female
819,Monty,Mingo,19,mmingomq@soundcloud.com,Bigender
820,Helenka,O'dell,66,hodellmr@technorati.com,Female
821,Kristina,Gorini,85,kgorinims@businessweek.com,Female
822,Imogen,Fearns,78,ifearnsmt@mozilla.com,Female
823,Herb,Bannard,43,hbannardmu@ed.gov,Male
824,Jacynth,Cotherill,20,jcotherillmv@cafepress.com,Female
825,Percival,Bavidge,63,pbavidgemw@dion.ne.jp,Male
826,Flem,Murrey,22,fmurreymx@artisteer.com,Male
827,Jerome,Bote,53,jbotemy@aol.com,Male
828,Darlleen,Thiem,41,dthiemmz@wikia.com,Female
829,Franzen,Riding,82,fridingn0@nifty.com,Male
830,Tonia,Swyre,14,tswyren1@walmart.com,Female
831,Darin,Robelin,48,drobelinn2@eventbrite.com,Male
832,Latrena,Crutchfield,30,lcrutchfieldn3@addtoany.com,Female
833,Cos,Edlington,28,cedlingtonn4@bizjournals.com,Non-binary
834,Tucker,Ebbings,44,tebbingsn5@who.int,Male
835,Verney,Hazell,19,vhazelln6@nba.com,Male
836,Alden,Inett,32,ainettn7@berkeley.edu,Male
837,Norbert,Whetnall,20,nwhetnalln8@hp.com,Male
838,Florida,Kilgrove,38,fkilgroven9@timesonline.co.uk,Female
839,Rosetta,Sarfati,38,rsarfatina@w3.org,Non-binary
840,Michel,Low,62,mlownb@sfgate.com,Female
841,Lucais,Shipton,49,lshiptonnc@wufoo.com,Male
842,Robb,Esselin,69,resselinnd@state.tx.us,Male
843,Melodee,Igoe,52,migoene@github.io,Genderfluid
844,Cristine,Foden,15,cfodennf@biglobe.ne.jp,Female
845,Jerrold,Wadley,40,jwadleyng@behance.net,Male
846,Maurene,Cruft,67,mcruftnh@ustream.tv,Female
847,Jillian,O' Dooley,26,jodooleyni@uol.com.br,Female
848,Tawnya,Dyka,48,tdykanj@sitemeter.com,Genderqueer
849,Lemmy,Colecrough,27,lcolecroughnk@flickr.com,Male
850,Brittaney,Henderson,31,bhendersonnl@about.me,Female
851,Misha,Botright,82,mbotrightnm@ted.com,Female
852,Ugo,Reggio,20,ureggionn@kickstarter.com,Male
853,Jolynn,Wanley,15,jwanleyno@nsw.gov.au,Female
854,Julieta,Colclough,35,jcolcloughnp@bravesites.com,Female
855,Fredrick,Fadian,22,ffadiannq@acquirethisname.com,Genderqueer
856,Paton,Overington,68,poveringtonnr@dagondesign.com,Male
857,Mavra,Armatage,67,marmatagens@cam.ac.uk,Female
858,Lorry,Bocking,83,lbockingnt@icio.us,Female
859,Marvin,McTear,47,mmctearnu@hud.gov,Genderqueer
860,Stacie,Berg,18,sbergnv@kickstarter.com,Female
861,Mallory,Matis,76,mmatisnw@studiopress.com,Female
862,Alexandrina,Grundell,82,agrundellnx@wordpress.com,Female
863,Kinnie,Itzkin,19,kitzkinny@cbslocal.com,Male
864,Nadiya,Disley,27,ndisleynz@geocities.com,Female
865,Rochella,Ricardon,48,rricardono0@nasa.gov,Female
866,Curtice,Deadman,82,cdeadmano1@wisc.edu,Male
867,Natividad,Harnott,39,nharnotto2@ox.ac.uk,Non-binary
868,Dukie,Lideard,83,dlideardo3@ycombinator.com,Male
869,Vasily,Mewes,24,vmeweso4@github.io,Male
870,Traver,Tarpey,70,ttarpeyo5@cnn.com,Male
871,Belita,Chittem,78,bchittemo6@umich.edu,Female
872,Giulio,Aukland,38,gauklando7@comcast.net,Male
873,Irma,Schoales,43,ischoaleso8@dedecms.com,Female
874,Fidel,Whiles,72,fwhileso9@examiner.com,Male
875,Peggi,Wyett,47,pwyettoa@ca.gov,Female
876,Gwyneth,Watmore,78,gwatmoreob@arstechnica.com,Female
877,Cosimo,Welbeck,66,cwelbeckoc@princeton.edu,Male
878,Erina,Leachman,27,eleachmanod@stanford.edu,Female
879,Eddie,Brummell,23,ebrummelloe@altervista.org,Male
880,Adolph,Brigshaw,17,abrigshawof@skyrock.com,Male
881,Walt,Oret,61,woretog@blogspot.com,Male
882,Conrade,Valentinetti,72,cvalentinettioh@bloglovin.com,Male
883,Humfrey,Paddingdon,49,hpaddingdonoi@ucsd.edu,Male
884,Reuben,Facchini,55,rfacchinioj@histats.com,Male
885,Gilberte,McTrustie,57,gmctrustieok@bandcamp.com,Female
886,Jerrylee,Brooks,84,jbrooksol@hc360.com,Female
887,Vevay,Stackbridge,33,vstackbridgeom@w3.org,Female
888,Myranda,MacCaughey,33,mmaccaugheyon@icio.us,Female
889,Mel,Grabb,69,mgrabboo@biglobe.ne.jp,Male
890,Timmie,Methingam,82,tmethingamop@goo.gl,Female
891,Ives,Kuscha,14,ikuschaoq@github.io,Male
892,Bathsheba,Davis,71,bdavisor@latimes.com,Female
893,Emelda,Dodimead,42,edodimeados@apache.org,Female
894,Davy,Gooke,52,dgookeot@geocities.com,Male
895,Quill,Dring,28,qdringou@plala.or.jp,Male
896,Ogdon,Anstead,32,oansteadov@cnbc.com,Male
897,Friedrich,Jouning,18,fjouningow@edublogs.org,Male
898,Curr,Helliker,76,chellikerox@irs.gov,Male
899,Elyse,Dowdam,76,edowdamoy@alexa.com,Female
900,Peter,Mustarde,37,pmustardeoz@newyorker.com,Male
901,Jasun,Ziemen,49,jziemenp0@youku.com,Male
902,Aristotle,Purple,48,apurplep1@yellowpages.com,Male
903,Asia,Ziem,41,aziemp2@pen.io,Female
904,Micky,Staziker,68,mstazikerp3@google.com.hk,Genderqueer
905,Neda,Ginman,24,nginmanp4@indiegogo.com,Female
906,Denis,Jorden,14,djordenp5@wordpress.com,Male
907,Prue,Letterick,73,pletterickp6@census.gov,Female
908,Arliene,Varsey,27,avarseyp7@freewebs.com,Female
909,Colin,Hamil,16,chamilp8@cnbc.com,Male
910,Marsha,Paulitschke,27,mpaulitschkep9@sakura.ne.jp,Female
911,Shoshanna,Rhymer,67,srhymerpa@nature.com,Female
912,Alayne,Minchella,67,aminchellapb@ibm.com,Female
913,Sissy,Atterbury,36,satterburypc@yellowbook.com,Female
914,Gusty,Baudi,35,gbaudipd@topsy.com,Female
915,Alphard,Giamuzzo,34,agiamuzzope@globo.com,Male
916,Annabella,Bolens,63,abolenspf@examiner.com,Female
917,Sarette,Eixenberger,78,seixenbergerpg@canalblog.com,Female
918,Quentin,Albasini,50,qalbasiniph@prlog.org,Genderqueer
919,Brigid,Rubertelli,85,brubertellipi@usgs.gov,Female
920,Tansy,Churching,78,tchurchingpj@hubpages.com,Female
921,Ram,Beau,60,rbeaupk@weebly.com,Male
922,Germaine,Chateau,33,gchateaupl@example.com,Female
923,Alikee,Paddie,22,apaddiepm@latimes.com,Genderfluid
924,Francine,Timny,84,ftimnypn@booking.com,Female
925,Porty,Croall,56,pcroallpo@google.com.au,Male
926,Leo,Petran,63,lpetranpp@scientificamerican.com,Male
927,Cleavland,Wilacot,82,cwilacotpq@apple.com,Male
928,Del,Gasking,42,dgaskingpr@dagondesign.com,Female
929,Sarah,Sigmund,48,ssigmundps@geocities.jp,Female
930,Aldridge,Jado,84,ajadopt@webeden.co.uk,Male
931,Ariana,Catterick,82,acatterickpu@apache.org,Female
932,Tiffie,Rouge,40,trougepv@mediafire.com,Female
933,Heall,McCarroll,64,hmccarrollpw@twitpic.com,Male
934,Theodore,Pusill,75,tpusillpx@netlog.com,Genderfluid
935,Almeria,Elener,40,aelenerpy@irs.gov,Female
936,Bartolomeo,McMillian,25,bmcmillianpz@ning.com,Male
937,Carleen,Whiscard,15,cwhiscardq0@washington.edu,Female
938,Tiff,Chucks,17,tchucksq1@chronoengine.com,Female
939,Ariel,Volet,53,avoletq2@icq.com,Male
940,Orion,Ringsell,75,oringsellq3@studiopress.com,Male
941,Chelsey,Hitter,16,chitterq4@ft.com,Female
942,Christye,Grinstead,45,cgrinsteadq5@wsj.com,Female
943,Imogen,Owlner,76,iowlnerq6@msu.edu,Female
944,Aaren,Glayzer,24,aglayzerq7@google.ru,Female
945,Costa,Hamlin,82,chamlinq8@biglobe.ne.jp,Male
946,Michale,MacFadin,62,mmacfadinq9@who.int,Male
947,Therine,Addionizio,38,taddionizioqa@dagondesign.com,Female
948,Andros,Vannah,61,avannahqb@elpais.com,Male
949,Nestor,Frowd,41,nfrowdqc@cafepress.com,Male
950,Consuelo,Noads,37,cnoadsqd@twitpic.com,Female
951,Yehudit,Muselli,81,ymuselliqe@sbwire.com,Male
952,Rodney,Steer,44,rsteerqf@dion.ne.jp,Male
953,Harland,Elecum,22,helecumqg@home.pl,Male
954,Rianon,Sacco,60,rsaccoqh@hao123.com,Female
955,Andrew,Ceschini,79,aceschiniqi@guardian.co.uk,Male
956,Betsey,Pfeuffer,23,bpfeufferqj@nifty.com,Female
957,Bradan,Bouldon,80,bbouldonqk@japanpost.jp,Male
958,Sim,Samber,77,ssamberql@quantcast.com,Male
959,Alaster,Camacho,55,acamachoqm@reference.com,Male
960,Kiley,Malzard,48,kmalzardqn@icio.us,Female
961,Micky,Tate,16,mtateqo@ovh.net,Non-binary
962,Tamara,Klampt,49,tklamptqp@t.co,Female
963,Clevie,Welling,74,cwellingqq@goodreads.com,Male
964,Raymund,Stebbings,35,rstebbingsqr@dmoz.org,Male
965,Darn,Siseland,65,dsiselandqs@archive.org,Male
966,Gallagher,Metts,23,gmettsqt@surveymonkey.com,Male
967,Nil,Roach,46,nroachqu@e-recht24.de,Male
968,Wynne,Drakeford,22,wdrakefordqv@nsw.gov.au,Female
969,Cleon,O'Moylane,71,comoylaneqw@disqus.com,Male
970,Lorianne,Domenici,84,ldomeniciqx@goodreads.com,Female
971,Ryley,Worlock,48,rworlockqy@ucla.edu,Male
972,Kimbra,Roantree,66,kroantreeqz@google.ca,Female
973,Justis,Rodbourne,39,jrodbourner0@free.fr,Male
974,Britteny,Venus,31,bvenusr1@state.tx.us,Female
975,Nathanial,Jentet,57,njentetr2@noaa.gov,Male
976,Hildagard,Hanhard,23,hhanhardr3@flavors.me,Female
977,Marla,Giraux,54,mgirauxr4@ucla.edu,Female
978,Sibbie,Biaggiotti,73,sbiaggiottir5@qq.com,Female
979,Jedediah,Swanston,16,jswanstonr6@chicagotribune.com,Male
980,Benedicto,Varsey,17,bvarseyr7@icio.us,Male
981,Ashby,Youll,49,ayoullr8@nifty.com,Male
982,Sergent,Brou,68,sbrour9@army.mil,Male
983,Joel,Gooden,72,jgoodenra@usatoday.com,Genderfluid
984,Roberta,Butteris,46,rbutterisrb@ovh.net,Female
985,Rosetta,Yashanov,69,ryashanovrc@ted.com,Female
986,Cesaro,Gookey,71,cgookeyrd@github.com,Male
987,Oswell,Bamlet,50,obamletre@geocities.com,Male
988,Jerry,Seak,54,jseakrf@google.nl,Male
989,Brose,Seleway,62,bselewayrg@baidu.com,Male
990,Kile,Blandamere,47,kblandamererh@rakuten.co.jp,Male
991,Tim,Poker,20,tpokerri@bing.com,Male
992,Bart,Wildor,67,bwildorrj@histats.com,Male
993,Jeromy,Iverson,21,jiversonrk@jugem.jp,Male
994,Langston,Brownlow,67,lbrownlowrl@imageshack.us,Male
995,Shamus,Pensom,31,spensomrm@sfgate.com,Male
996,Novelia,Rodnight,38,nrodnightrn@umn.edu,Female
997,Jenica,Grabban,64,jgrabbanro@mtv.com,Female
998,Cirilo,Stuchberry,74,cstuchberryrp@walmart.com,Male
999,Kellen,Kittle,83,kkittlerq@google.cn,Male
1000,Bryant,Boldero,58,bbolderorr@bigcartel.com,Male
